,name,id
0,HAR PAL GEO,UCe9JSDmyqNgA_l2BzGHq1Ug
1,ARY Digital HD,UC4JCksJF76g_MdzPVBJoC3Q
2,HUM TV,UCEeEQxm6qc_qaTE7qTV5aLQ
3,Moosa Tv Info,UCsbCH2m8YUT11iqZv18b_PQ
4,Salman Noman,UCXTyWqKtLLzaom6XwaJu7xw
5,Geo News,UC_vt34wimdCzdkrzVejwX9g
6,Chota Ali vlogs,UCALqisCzD4eDlIkVvtTGhOg
7,Coke Studio Pakistan,UCM1VesJtJ9vTXcMLLr_FfdQ
8,ARY News,UCMmpLL2ucRHAXbNHiCPyIyg
9,SAMAA TV,UCJekW1Vj5fCVEGdye_mBN6Q
10,Peep and the Big Wide World,UCPq6g4Q4-SFMIJ048IXmupA
11,Green TV Entertainment,UCF2ltLX1dnPa6-L1paPaMzw
12,Anaya Eshaal Family,UCXuxRXMgcmKX2hg-GgQ5vdw
13,G Factz,UCHCvDeCW7umGKchlS1VeRkw
14,AJ Official,UCEiYBcJPr34kHs2ol_qHCYA
15,Nouman Hassan,UCtPVY7wcq7YNcIjWSh_PO5Q
16,shaheer jutt,UCAlW_cYqInPn0eBlEBNrCOQ
17,Official Kashish PS,UCVL7LF4MHQv9usk_VMv-7Ug
18,malik abubaker,UCLLsYtTKANz92sfUBRqU-GQ
19,UrduPoint.com,UC8SUpGjRdTSqIBuOfmWp3rg
20,Islamic Teacher Official,UC1XrhzT6FGdc9eAso7Kv3CQ
21,Dunya News,UCnMBV5Iw4WqKILKue1nP6Hg
22,Tariq Jamil,UCct5L-DaVYK8UtmqGU8gJtw
23,Top Pakistani Dramas,UCQ5a6t32eTalvd-n2jQN1QQ
24,BOL News,UCz2yxQJZgiB_5elTzqV7FiQ
25,Baby Viral Clips ,UCaKpX22eIEVrPV8UFqLqIQg
26,Shehr Main Dihat,UCZsbGYtjf0bauZMMpbKF65w
27,Rajab’s Family,UC_niYoJcVwf5IVQZ6pJqgrg
28,lucky Sayed,UCASMgcYw82oGWxW5VooiJSw
29,Break and Burn,UC5sX68_aoZ6aS-N3GGWNsPA
30,Kch Multimedia Naat,UCYIZJ8RJhV6JM32l0XVXM-g
31,Mehrban Ali,UCl1naPZOHU69BDS1P03PxXw
32,Abdullah Tariq Khan,UCAtPSqJwzFb0C15lS2CZ2rg
33,Pyaar Lafzon Mein Kahan,UCSZCTqWb3uP7ozMaZnYOA-A
34,ISPR Official,UCEwlPFzuck7KyNAnsujkkFg
35,Hafiz Tahir Qadri - Topic,UCwrJWq8yY1w_M_HDixKXe9w
36,92 News HD,UCsgC5cbz3DE2Shh34gNKiog
37,BOL Network,UCV6-CUNsfe2-STYfYkd7bBQ
38,S-Plus Football,UCHvcShFhniHrprNoV8KBbeQ
39,Pakistan Cricket ,UCiWrjBhlICf_L_RK5y6Vrxw
40,Imran Riaz Khan,UCaszgR2TH3qNw_CxLHAd2SQ
41,Chota_don047,UCMxpJK9w2M8OJ4XGSOtPSbw
42,Zem TV,UCs_ineLBnNTGjrArNzjSLZg
43,Geo Kahani,UCqwpV8sprCEp67wNPP7wRZQ
44,Sistrology,UCbOWx-D1d0-CiP9wc-cH93Q
45,Pakistan Super League,UCpNzXJ5jpcJojC5mHQvGA8w
46,Hasnain Technical,UCxE248p2-PE6PK-AATg9mcg
47,Mister Explainer,UCHgnxhwigRYOmZqXoe4XtZw
48,Rai Arslan Liaqat,UCfNCIuegy179y7GbOqjNr4g
49,Dumb TV,UCogqPGrVifhSNRh0el3kEMg
50,Three’s Threat,UC3Ey1aPV_pvtDiEELaKxdgg
51,Express News,UCTur7oM6mLL0rM2k0znuZpQ
52,Food Fusion,UCuqBZWK9Wrol_4Y22DzisFQ
53,Haqeeqat TV,UCR6yfDK_u5EXby7CnG9-rYw
54,BaBa Food RRC,UCnGeD5ayRbMykUT1J0ZNF5A
55,Express TV,UCU1r97baEf3JJI5fY6NtMpA
56,Maaz Safder World,UCz0M2pV4jOUUQ88lOd2q08A
57,Minsa Saim Omer,UCq2YaPelHFKZTDbDTKc719Q
58,SGStudio,UCjHpEOjYHeJWCS2exTjE-rg
59,Kitchen with Amna,UCQ2P7C8UGoVM6AhqsVx-M0Q
60,NomiAndFriends,UCGZBCsmrSI4Xo5mP0K1Wxbg
61,Village Food Secrets,UCQexaAjPn3-1MCE4DmBK3Tg
62,Amina Hussain,UCImwHhOJFGuWknG0zqlzSzw
63,mountainlion5,UCTSM3XD2PIUwXpuaeW11kkw
64,HUM SPORTS,UC_wghUMtaqTVY6X_sTXCjew
65,Baba Che,UC6-sonhNC4TKp4RexMA5a8w
66,Naya Pakistan,UCKJmzY163_v2ZpxxgtgA0Pw
67,Sahir Ali Bagga - Topic,UCe8aZhVeHNZMM-m24RMJGKA
68,MoonVines,UClI-3t280qbWifHgwA_AUKA
69,Rokhri Production Official,UCDrICdGk_4nPKXmlFTrEN1w
70,Qasim Ali Shah Official,UCn68MHKSGluDcSQbABxW4EQ
71,Rohail Voice,UCUtYidq68LZ9z6CZpDrfrpg
72,Daily Pakistan Global,UCtTGbJC72sakYRXiLiV5rzQ
73,Atif Aslam - Topic,UCVGomUS__PL0c4jDXa0QwXA
74,GNN,UC35KuZBNIj4S5Ls0yjY-UHQ
75,Unisys Music,UC6skOpWzyqC5AOTpg8V7Bow
76,BaoRami Edits,UCLhQk7IGJQzemfH5PTIhdFw
77,VAMPIRE YT,UC0yQrj-uFL9Jt6WeawSW9xw
78,Voice Daily,UC4LAx5D1RQ1jIpqzdtvxmtg
79,Shahzaib Mughal,UCj9_FuuXXGCvj6-FAH61Mhg
80,Dilkash Beauty,UCV-zFVygK6QZT0mHcGRaXfQ
81,Kids Madani Channel,UCsNSt0fxMniSH9XHaNneZfw
82,Chaudhary Saddam07,UCe1IP5YX2jMw3gOLdo8HQfA
83,Ahsan Bhai,UCKCtHuoTpPveLlXtLHI5uCA
84,Its life,UCWYUdAEKeATYxjm6dJt_scA
85,Shero Ka Badshah,UC6xhLU4qudgggVD_TYY0iMA
86,Real Aryan khan,UCdN6LdWhEyiA2u7LPonxz9Q
87,Public News,UCElJZvY_RVra6qjD8WSQYog
88,Allah Ki Qudrat,UCiDtSBuOaq6izf-4zb0vf-w
89,Waqas khalil,UCxhUzpnvUyijvbci02zv0KQ
90,Ubqari ,UCPBZiFeffpuBP9RpjPU2UPg
91,SM Sadiq Studio,UCo4gO9MP1nww2FHDmuOjpBA
92,Draw So Cute,UC3dEvA1is6-0_yuei9iCdEw
93,ARY Qtv,UCE2oY4S4wOu6WofU2YbfWsw
94,909Tv,UCSaJY525aXRKU_XuiyUZDEw
95,GFXMentor,UCP3AIk974-PeB9bg1Mc7wug
96,Capital TV,UC-an6pHQfTVZXgrLP0p1EGA
97,Noaman Reaction ,UCWAzKiL1zN9431hCmbDGkBw
98,Syed Fahad,UCAH_oGTGOA6fzEjIskPsMTA
99,Info Industry,UCqXhcAQjPu0hOHslKvnUTtw
